{
    "loss": 9.495583534240723,
    "accuracy": 0.4406779706478119
}